Company name,Company domain name,Website URL,City,State/Region,Country/Region,Industry,Lifecycle Stage,Lead Status,Company Type,Investor Type,Target Round,Stage Fit,Check Size Public,Geography Fit,Thesis Fit,Relevance Score,Priority Tier,Primary Contact Target,Likely Objection,Best Angle,Contact Path,Next Step,Source URL,Research Notes,Outreach Draft
Ben Franklin Technology Partners of Central & Northern PA,cnp.benfranklin.org,https://cnp.benfranklin.org/,State College,PA,United States,Venture Capital and Private Equity,Lead,New,Investor Target,Regional economic-development investor / startup funding,Non-dilutive-like regional investment / early startup funding,Concept to early revenue,Not listed on source; BFTP funding process varies,Excellent — Central/Northern PA footprint,PA technology startup + small manufacturer support; strongest institutional door already open,97,Tier 1,Current BFTP contact / portfolio team,"May require matching funds, local footprint compliance, and clear commercialization plan.","Position Mimir as PA-built semantic infrastructure for regulated manufacturers, with Ratatosk as the near-term paid diagnostic wedge.",Continue existing BFTP thread; ask for investor and pilot-network introductions.,"Send concise update packet: investor one-pager, pilot offer, Substack proof points, and specific ask for 3-5 intros.",https://cnp.benfranklin.org/,Official site says it provides startup funding for tech entrepreneurs and small manufacturers in Central/Northern PA.,"Current BFTP contact / portfolio team — I’m building Mimir Labs, a deterministic data-control layer for ERP, AI readiness, and regulated manufacturing operations. The immediate wedge is Ratatosk: a short diagnostic that produces a machine-readable governance manifest before migration, integration, or AI automation compounds semantic drift. Position Mimir as PA-built semantic infrastructure for regulated manufacturers, with Ratatosk as the near-term paid diagnostic wedge. Would it be relevant to send a 1-page memo and ask whether this fits your current investment thesis?"
Ben Franklin Technology Partners,benfranklin.org,https://benfranklin.org/,Statewide,PA,United States,Economic Development / Venture Capital,Lead,New,Investor Target,Statewide tech-based economic development network,Regional investment / partner introductions,Concept to growth,Varies by regional center,Excellent — Pennsylvania statewide,"Statewide network could route Mimir to PA manufacturers, regional centers, and capital partners.",94,Tier 1,Regional center leadership / investment manager,They may treat this as too early unless pilot demand is framed tightly.,Mimir is not asking BFTP to validate a full ERP replacement first; the wedge is short diagnostic revenue and manufacturer proof events.,Ask current BFTP contact for internal routing and co-investor introductions.,Request a specific warm intro plan across investor network and manufacturing portfolio.,https://benfranklin.org/,Official site states BFTP serves all 67 Pennsylvania counties through four regional centers.,"Regional center leadership / investment manager — I’m building Mimir Labs, a deterministic data-control layer for ERP, AI readiness, and regulated manufacturing operations. The immediate wedge is Ratatosk: a short diagnostic that produces a machine-readable governance manifest before migration, integration, or AI automation compounds semantic drift. Mimir is not asking BFTP to validate a full ERP replacement first; the wedge is short diagnostic revenue and manufacturer proof events. Would it be relevant to send a 1-page memo and ask whether this fits your current investment thesis?"
Robin Hood Ventures,robinhoodventures.com,https://www.robinhoodventures.com/,Philadelphia,PA,United States,Angel Investing,Lead,New,Investor Target,Angel group,Seed / angel syndicate,Early-stage high-growth startups,Generally $250K-$1M per source,Strong — Philadelphia / Mid-Atlantic,Regional angel group; useful if BFTP can introduce and Mimir frames the wedge as enterprise software + manufacturing/compliance diagnostics.,91,Tier 1,Investment screening team,May need customer traction and a clearer capital-return path than an ERP replacement narrative.,"Lead with paid Ratatosk diagnostics as the capital-efficient wedge, not full Yggdrasil ERP adoption.","Warm intro via BFTP, Philly tech network, or Robin Hood application/contact form.",Submit after one-page memo and pilot pipeline are tightened.,https://www.robinhoodventures.com/,Official site describes experienced entrepreneurs and accredited investors; investment range appears on official site.,"Investment screening team — I’m building Mimir Labs, a deterministic data-control layer for ERP, AI readiness, and regulated manufacturing operations. The immediate wedge is Ratatosk: a short diagnostic that produces a machine-readable governance manifest before migration, integration, or AI automation compounds semantic drift. Lead with paid Ratatosk diagnostics as the capital-efficient wedge, not full Yggdrasil ERP adoption. Would it be relevant to send a 1-page memo and ask whether this fits your current investment thesis?"
1855 Capital,1855capital.com,https://1855capital.com/,State College,PA,United States,Venture Capital,Lead,New,Investor Target,Seed and early-stage VC,Seed / early-stage,Penn State-affiliated startups,Typically $100K-$500K per source,Moderate unless Penn State affinity can be established,"Central PA proximity and seed-stage fit; strongest if an adviser, mentor, or network tie creates Penn State affinity.",80,Tier 2,Investment team,May require Penn State affinity; ownership expectations may be meaningful.,"If reachable through a Penn State-adjacent adviser, pitch Mimir as Central PA data-infrastructure company for regulated manufacturing.",Find Penn State alumni/operator intro; otherwise hold until stronger traction.,Research Penn State affinity path before direct outreach.,https://1855capital.com/for-entrepreneurs,Source says individual investment size typically ranges $100K-$500K and focuses on Penn State-affiliated startups.,"Investment team — I’m building Mimir Labs, a deterministic data-control layer for ERP, AI readiness, and regulated manufacturing operations. The immediate wedge is Ratatosk: a short diagnostic that produces a machine-readable governance manifest before migration, integration, or AI automation compounds semantic drift. If reachable through a Penn State-adjacent adviser, pitch Mimir as Central PA data-infrastructure company for regulated manufacturing. Would it be relevant to send a 1-page memo and ask whether this fits your current investment thesis?"
Innovation Works / AlphaLab,innovationworks.org,https://www.innovationworks.org/,Pittsburgh,PA,United States,Startup Accelerator / Early-stage Investment,Lead,New,Investor Target,Regional investor / accelerator,Accelerator / early-stage capital,Early-stage technology startups,Program-specific; AlphaLab cohorts recently reported $100K in funding,Strong if Mimir can engage southwestern PA / Pittsburgh network,Good for operator mentorship and industrial/AI startup network; not the best first investor unless program timing works.,83,Tier 2,AlphaLab Software / investor relations,May prefer Pittsburgh/SWPA companies or accelerator cadence.,Mimir’s deterministic data layer supports AI in industry by reducing ambiguity before automation acts.,Apply to virtual office hours or request intro from BFTP.,Monitor AlphaLab/Innovation Works application windows.,https://www.innovationworks.org/,Official site says Innovation Works is active in early-stage investing and startup resources.,"AlphaLab Software / investor relations — I’m building Mimir Labs, a deterministic data-control layer for ERP, AI readiness, and regulated manufacturing operations. The immediate wedge is Ratatosk: a short diagnostic that produces a machine-readable governance manifest before migration, integration, or AI automation compounds semantic drift. Mimir’s deterministic data layer supports AI in industry by reducing ambiguity before automation acts. Would it be relevant to send a 1-page memo and ask whether this fits your current investment thesis?"
BlueTree Allied Angels,bluetreealliedangels.com,https://www.bluetreealliedangels.com/,Pittsburgh,PA,United States,Angel Investing,Lead,New,Investor Target,Angel group,Angel / pre-institutional,Regional early-stage companies,Not listed on primary source,Moderate to strong — Western PA focus,Angel network useful for syndicate exposure; strongest if one member has enterprise/manufacturing software background.,77,Tier 3,Screening committee / member champion,May not understand ERP infrastructure without customer proof.,Ask for operator review first: does the diagnostic wedge resonate with their manufacturing/software operators?,BFTP/Innovation Works referral; otherwise website inquiry.,Use only after building a short demo video and one-page traction memo.,https://angelspartners.com/firm/bluetree-allied-angels,Directory source describes BlueTree as Western Pennsylvania angel network focused on early-stage pre-institutional ventures.,"Screening committee / member champion — I’m building Mimir Labs, a deterministic data-control layer for ERP, AI readiness, and regulated manufacturing operations. The immediate wedge is Ratatosk: a short diagnostic that produces a machine-readable governance manifest before migration, integration, or AI automation compounds semantic drift. Ask for operator review first: does the diagnostic wedge resonate with their manufacturing/software operators? Would it be relevant to send a 1-page memo and ask whether this fits your current investment thesis?"
Keiretsu Forum Mid-Atlantic,keiretsuforum-midatlantic.com,https://www.keiretsuforum-midatlantic.com/,Philadelphia,PA,United States,Angel Investing,Lead,New,Investor Target,Angel network,Angel syndicate,Early-stage investment-ready companies,Not listed on primary source,Strong — Mid-Atlantic,Useful for broad angel exposure; potentially more work due to formal screening and presentation process.,79,Tier 3,Chapter entrepreneur application team,May expect polished investor package and existing traction.,Mimir is a category-level infrastructure play with a near-term paid diagnostic wedge to avoid waiting for full ERP adoption.,Apply via entrepreneur/presentation process or seek BFTP/RHV referral.,Do not submit until investor deck and demo are polished.,https://www.keiretsuforum-midatlantic.com/,Official site describes early-stage investment group.,"Chapter entrepreneur application team — I’m building Mimir Labs, a deterministic data-control layer for ERP, AI readiness, and regulated manufacturing operations. The immediate wedge is Ratatosk: a short diagnostic that produces a machine-readable governance manifest before migration, integration, or AI automation compounds semantic drift. Mimir is a category-level infrastructure play with a near-term paid diagnostic wedge to avoid waiting for full ERP adoption. Would it be relevant to send a 1-page memo and ask whether this fits your current investment thesis?"
Dingman Center Angels,rhsmith.umd.edu,https://www.rhsmith.umd.edu/centers-initiatives/dingman-lamone-center/initiatives-programs/dingman-center-angels,College Park,MD,United States,Angel Investing,Lead,New,Investor Target,Angel group,Seed / angel,Early-stage Mid-Atlantic companies,Typically $100K-$250K per secondary regional source,Strong — Mid-Atlantic,Good fit for Mid-Atlantic enterprise/software story if package is disciplined.,82,Tier 2,DCA screening team,May ask for proof of buyer demand and angel-scale return path.,Mimir reduces AI/ERP implementation risk by creating canonical data artifacts before migration/integration.,Warm intro through UMD/Mid-Atlantic tech network; then application.,Add after BFTP/RHV because Maryland network may be less natural.,https://www.rhsmith.umd.edu/centers-initiatives/dingman-lamone-center/initiatives-programs/dingman-center-angels,Official site says DCA funds early-stage companies primarily in the Mid-Atlantic.,"DCA screening team — I’m building Mimir Labs, a deterministic data-control layer for ERP, AI readiness, and regulated manufacturing operations. The immediate wedge is Ratatosk: a short diagnostic that produces a machine-readable governance manifest before migration, integration, or AI automation compounds semantic drift. Mimir reduces AI/ERP implementation risk by creating canonical data artifacts before migration/integration. Would it be relevant to send a 1-page memo and ask whether this fits your current investment thesis?"
Washington DC ArchAngels,dcarchangels.com,https://www.dcarchangels.com/,Washington,DC,United States,Angel Investing,Lead,New,Investor Target,Angel network,Angel / early-stage,Investment-ready early-stage enterprises,Not listed on official source,Strong — MD/DC/VA plus national network,Useful if CMMC/federal supply-chain framing is foregrounded.,78,Tier 3,Entrepreneur screening contact,May need defense/federal procurement proof if using CMMC angle.,Frame Mimir as compliance-adjacent data-control infrastructure for regulated manufacturers and defense suppliers.,Use DC/MD angel network or federal supply-chain contact path.,Prepare CMMC/data-control one-pager before outreach.,https://www.dcarchangels.com/,Official site says it connects investment-ready companies with an active early-stage investment community.,"Entrepreneur screening contact — I’m building Mimir Labs, a deterministic data-control layer for ERP, AI readiness, and regulated manufacturing operations. The immediate wedge is Ratatosk: a short diagnostic that produces a machine-readable governance manifest before migration, integration, or AI automation compounds semantic drift. Frame Mimir as compliance-adjacent data-control infrastructure for regulated manufacturers and defense suppliers. Would it be relevant to send a 1-page memo and ask whether this fits your current investment thesis?"
Rittenhouse Ventures,rittenhouseventures.com,https://rittenhouseventures.com/,Philadelphia,PA,United States,Venture Capital,Lead,New,Investor Target,Emerging-growth B2B software VC,Seed / early growth,Capital-efficient B2B software; likely post-traction,Not listed on primary source,Strong — Philadelphia / Mid-Atlantic,Good regional B2B software investor; likely better once Ratatosk has paid pilots or repeatable revenue.,84,Tier 2,Investment partner focused on B2B software / AI,May see Mimir as too early or too services-led before repeatable SaaS revenue.,Mimir starts with a paid diagnostic wedge that creates proprietary governance manifests and leads into software pull-through.,Warm intro via Philly/BFTP/Robin Hood network.,Nurture now; pitch after pilot evidence or signed LOIs.,https://rittenhouseventures.com/rittenhouse-ventures-announces-the-successful-close-of-fund-iii/,"Source says Fund III focuses on capital-efficient B2B software, AI and tech-enabled services, especially Mid-Atlantic/underserved regions.","Investment partner focused on B2B software / AI — I’m building Mimir Labs, a deterministic data-control layer for ERP, AI readiness, and regulated manufacturing operations. The immediate wedge is Ratatosk: a short diagnostic that produces a machine-readable governance manifest before migration, integration, or AI automation compounds semantic drift. Mimir starts with a paid diagnostic wedge that creates proprietary governance manifests and leads into software pull-through. Would it be relevant to send a 1-page memo and ask whether this fits your current investment thesis?"
Osage Venture Partners,osageventurepartners.com,https://osageventurepartners.com/,Philadelphia,PA,United States,Venture Capital,Lead,New,Investor Target,Early-stage B2B software VC,Seed / Series A,Post-revenue first institutional round,Not listed on primary source,Strong — East Coast / Philadelphia,Strategic later target if Mimir reaches post-revenue and can show AI-native/domain expertise.,79,Tier 3,B2B software investment partner,"Source indicates preference for post-revenue companies, often $500K-$3M revenue run-rate.",Keep them warm around the canonical data-control thesis; ask what proof threshold would make Mimir investable.,Warm intro via Philly software network; avoid cold pitch until traction.,"Add to nurture list, not immediate ask.",https://osageventurepartners.com/about/,Source says OVP invests in early-stage B2B software and typically in post-revenue companies.,"B2B software investment partner — I’m building Mimir Labs, a deterministic data-control layer for ERP, AI readiness, and regulated manufacturing operations. The immediate wedge is Ratatosk: a short diagnostic that produces a machine-readable governance manifest before migration, integration, or AI automation compounds semantic drift. Keep them warm around the canonical data-control thesis; ask what proof threshold would make Mimir investable. Would it be relevant to send a 1-page memo and ask whether this fits your current investment thesis?"
Grotech Ventures,grotech.com,https://www.grotech.com/,Vienna,VA,United States,Venture Capital,Lead,New,Investor Target,Early-stage technology VC,Seed / early-stage,Young technology companies outside Silicon Valley,$500K-$5M per LinkedIn source,Strong — Mid-Atlantic / outside Silicon Valley,Relevant for enterprise software if traction exists; too broad to be first-touch without warm intro.,76,Tier 3,Enterprise software partner,May require stronger revenue/scale proof than current stage.,Mimir is an infrastructure-first enterprise software company from an underserved region with a precise regulated-manufacturing wedge.,Warm intro via Mid-Atlantic VC network.,Nurture after initial paid pilot or BFTP validation.,https://www.grotech.com/about,Official site positions Grotech as an early-stage fund backing groundbreaking startups beyond Silicon Valley.,"Enterprise software partner — I’m building Mimir Labs, a deterministic data-control layer for ERP, AI readiness, and regulated manufacturing operations. The immediate wedge is Ratatosk: a short diagnostic that produces a machine-readable governance manifest before migration, integration, or AI automation compounds semantic drift. Mimir is an infrastructure-first enterprise software company from an underserved region with a precise regulated-manufacturing wedge. Would it be relevant to send a 1-page memo and ask whether this fits your current investment thesis?"
DataTribe,datatribe.com,https://datatribe.com/,Fulton,MD,United States,Cybersecurity / Data Science Venture Foundry,Lead,New,Investor Target,Cyber startup foundry / seed investor,Seed / foundry model,Cybersecurity and data science startups,Seed investment model; specific terms vary,Strong — DC/Baltimore corridor,"Fit improves if Mimir emphasizes semantic controls, auditability, integration security, and compliance-grade data governance.",87,Tier 2,Foundry team / seed investment team,May view ERP/data clarity as outside cyber unless positioned as governance/security infrastructure.,"Treat deterministic data contracts as security/control infrastructure for AI agents, integrations, and regulated operational systems.",Seek intro via cyber/CMMC network or direct foundry inquiry.,Prepare security/compliance-specific variant of investor memo.,https://datatribe.com/about/,Source says DataTribe invests in and co-builds companies focused on cybersecurity and data science.,"Foundry team / seed investment team — I’m building Mimir Labs, a deterministic data-control layer for ERP, AI readiness, and regulated manufacturing operations. The immediate wedge is Ratatosk: a short diagnostic that produces a machine-readable governance manifest before migration, integration, or AI automation compounds semantic drift. Treat deterministic data contracts as security/control infrastructure for AI agents, integrations, and regulated operational systems. Would it be relevant to send a 1-page memo and ask whether this fits your current investment thesis?"
Schematic Ventures,schematicventures.com,https://www.schematicventures.com/,San Francisco,CA,United States,Venture Capital,Lead,New,Investor Target,Industrial / supply chain / manufacturing VC,Pre-seed / seed,Early-stage technology companies,Not listed on official source,National,"Strong thesis fit: supply chain, manufacturing, and software infrastructure directly overlap Mimir’s ICP.",90,Tier 1,Investment partner focused on industrial software,May expect clearer founder-market fit evidence from manufacturing buyers and a narrow wedge.,"Mimir exposes and formalizes operational semantics before ERP migration, AI automation, or supply-chain integration compounds bad assumptions.",Warm intro preferred; direct website if no path.,Pitch after producing target-account evidence and 2-3 manufacturer conversations.,https://www.schematicventures.com/,"Official site says Schematic invests in supply chain, manufacturing, and software infrastructure.","Investment partner focused on industrial software — I’m building Mimir Labs, a deterministic data-control layer for ERP, AI readiness, and regulated manufacturing operations. The immediate wedge is Ratatosk: a short diagnostic that produces a machine-readable governance manifest before migration, integration, or AI automation compounds semantic drift. Mimir exposes and formalizes operational semantics before ERP migration, AI automation, or supply-chain integration compounds bad assumptions. Would it be relevant to send a 1-page memo and ask whether this fits your current investment thesis?"
Dynamo Ventures,dynamo.vc,https://dynamo.vc/,Chattanooga,TN,United States,Venture Capital,Lead,New,Investor Target,Industrial / supply chain VC,Pre-seed / seed,Industrial economy and supply-chain startups,Not listed on official source,National,Good if Mimir is framed around supply-chain operating truth and ERP/integration failure in manufacturing/logistics.,85,Tier 2,Partner focused on industrial software / operations,May see Mimir as ERP/infrastructure rather than supply-chain category.,"The product protects production, order, inventory, and compliance semantics across fragmented operational systems.",Warm intro through industrial tech network; direct founder form if available.,"Use industry-specific one-pager, not generic ERP deck.",https://dynamo.vc/,Official site says Dynamo backs founders shaping the industrial renaissance from supply-chain and operations roots.,"Partner focused on industrial software / operations — I’m building Mimir Labs, a deterministic data-control layer for ERP, AI readiness, and regulated manufacturing operations. The immediate wedge is Ratatosk: a short diagnostic that produces a machine-readable governance manifest before migration, integration, or AI automation compounds semantic drift. The product protects production, order, inventory, and compliance semantics across fragmented operational systems. Would it be relevant to send a 1-page memo and ask whether this fits your current investment thesis?"
Eclipse,eclipse.capital,https://eclipse.capital/,Palo Alto,CA,United States,Venture Capital,Lead,New,Investor Target,Physical economy / industrial technology VC,Early-stage to growth,Industrial transformation / physical industries,Not listed on official source,National,High concept fit for rebuilding physical-industry systems; likely too large/competitive before significant traction.,74,Tier 3,Industrial software partner,"May require deeper team, traction, and venture-scale industrial proof.",Mimir rebuilds the semantic substrate that physical-industry software needs before AI agents can safely operate.,Only through warm intro; not a cold immediate target.,Nurture content; approach after pilots or with strategic intro.,https://eclipse.capital/,Official site positions Eclipse as operators with capital rebuilding industries that power the world.,"Industrial software partner — I’m building Mimir Labs, a deterministic data-control layer for ERP, AI readiness, and regulated manufacturing operations. The immediate wedge is Ratatosk: a short diagnostic that produces a machine-readable governance manifest before migration, integration, or AI automation compounds semantic drift. Mimir rebuilds the semantic substrate that physical-industry software needs before AI agents can safely operate. Would it be relevant to send a 1-page memo and ask whether this fits your current investment thesis?"
Ironspring Ventures,ironspring.com,https://ironspring.com/,Austin,TX,United States,Venture Capital,Lead,New,Investor Target,Digital industrial VC,Pre-seed / seed / Series A,Early-stage industrial supply chain startups,Not listed on official source,National,Strong industrial software fit; pitch as data/control infrastructure for manufacturing and logistics.,88,Tier 2,Investment partner focused on manufacturing/digital industrial,May need industrial customer discovery proof and clearer product wedge.,"Mimir turns manufacturing data chaos into governed operational canon before integration, reporting, AI, and compliance workflows depend on it.",Warm intro via industrial tech network; direct site contact.,Add after Schematic/Dynamo; use same industrial one-pager.,https://ironspring.com/,Official site says Ironspring invests in early-stage innovators across the industrial supply chain.,"Investment partner focused on manufacturing/digital industrial — I’m building Mimir Labs, a deterministic data-control layer for ERP, AI readiness, and regulated manufacturing operations. The immediate wedge is Ratatosk: a short diagnostic that produces a machine-readable governance manifest before migration, integration, or AI automation compounds semantic drift. Mimir turns manufacturing data chaos into governed operational canon before integration, reporting, AI, and compliance workflows depend on it. Would it be relevant to send a 1-page memo and ask whether this fits your current investment thesis?"
640 Oxford,640oxford.com,https://640oxford.com/,New York,NY,United States,Venture Capital,Lead,New,Investor Target,Early-stage industrial / reindustrialization VC,Pre-seed / seed,Early-stage founders in legacy/industrial transformation,$250K-$400K per Outlander profile; not on official source,National,Good fit for manufacturing and industrial automation if Mimir is presented as reindustrialization-grade enterprise data infrastructure.,86,Tier 2,Founder / investment team,May prefer AI-production/smart-factory products with clearer plant-level use case.,"The plant-level use case is preventing semantic ambiguity from corrupting production, inventory, QA, and compliance systems.",Direct contact form or intro from industrial VC network.,Use a concise 'why now' memo tied to AI agents and compliance wall.,https://640oxford.com/,Official site describes 640 Oxford as early-stage VC creating momentum for founders.,"Founder / investment team — I’m building Mimir Labs, a deterministic data-control layer for ERP, AI readiness, and regulated manufacturing operations. The immediate wedge is Ratatosk: a short diagnostic that produces a machine-readable governance manifest before migration, integration, or AI automation compounds semantic drift. The plant-level use case is preventing semantic ambiguity from corrupting production, inventory, QA, and compliance systems. Would it be relevant to send a 1-page memo and ask whether this fits your current investment thesis?"
SaaS Ventures,saasventurecapital.com,https://saasventurecapital.com/,Bethesda,MD,United States,Venture Capital,Lead,New,Investor Target,B2B SaaS VC,Pre-seed / seed / early-stage,Earliest-stage B2B SaaS founders,Not listed on official source,Strong — Mid-Atlantic plus national,Good regional B2B SaaS target; needs a software wedge more than services framing.,83,Tier 2,Partner focused on B2B SaaS / enterprise tech,May need evidence of repeatable SaaS economics rather than consulting-led diagnostics.,Ratatosk diagnostics create the dataset and customer pull needed for recurring governance enforcement software.,Warm intro from MD/DC software network; direct website contact.,Approach after one or two paid diagnostic commitments.,https://saasventurecapital.com/,Official site says SaaS Ventures invests in visionary B2B SaaS founders at the earliest stages.,"Partner focused on B2B SaaS / enterprise tech — I’m building Mimir Labs, a deterministic data-control layer for ERP, AI readiness, and regulated manufacturing operations. The immediate wedge is Ratatosk: a short diagnostic that produces a machine-readable governance manifest before migration, integration, or AI automation compounds semantic drift. Ratatosk diagnostics create the dataset and customer pull needed for recurring governance enforcement software. Would it be relevant to send a 1-page memo and ask whether this fits your current investment thesis?"
Work-Bench,work-bench.com,https://www.work-bench.com/,New York,NY,United States,Venture Capital,Lead,New,Investor Target,Enterprise software seed VC,Seed,"Enterprise, SaaS, and infrastructure software",Not listed on official source,National / NYC enterprise network,Strong enterprise GTM fit; particularly valuable if they buy the 'GTM is moat' argument for enterprise data infrastructure.,86,Tier 2,Enterprise software partner,Likely wants enterprise customer urgency and a crisp wedge.,Mimir attacks the upstream cause of failed AI/ERP initiatives: operational semantics are not governed before systems act on them.,Warm intro from enterprise SaaS founder/operator; direct outreach if tailored.,Use investor-specific cold email and proof artifact.,https://www.work-bench.com/,"Official site says Work-Bench backs early founders building enterprise, SaaS, and infrastructure software and focuses on enterprise GTM.","Enterprise software partner — I’m building Mimir Labs, a deterministic data-control layer for ERP, AI readiness, and regulated manufacturing operations. The immediate wedge is Ratatosk: a short diagnostic that produces a machine-readable governance manifest before migration, integration, or AI automation compounds semantic drift. Mimir attacks the upstream cause of failed AI/ERP initiatives: operational semantics are not governed before systems act on them. Would it be relevant to send a 1-page memo and ask whether this fits your current investment thesis?"
Stage 2 Capital,stage2.capital,https://www.stage2.capital/,Boston,MA,United States,Venture Capital,Lead,New,Investor Target,B2B software GTM-focused VC,Pre-seed through Series A,B2B software with GTM scaling needs,$200K-$4M per official investing page,National,Strong once Mimir has pilot/revenue signals; their LP/operator base could be valuable for enterprise GTM.,85,Tier 2,Partner / GTM operator LP path,"May need evidence of revenue engine and customer retention, not just technical architecture.",Mimir needs GTM leverage to turn a technically differentiated enterprise infrastructure product into a repeatable diagnostic and software motion.,Warm intro from B2B SaaS GTM operator; direct application if no path.,Nurture; pitch after initial paid engagements or LOIs.,https://www.stage2.capital/about/investing,Official site says Stage 2 backs B2B founders early with $200K-$4M checks from pre-seed through Series A.,"Partner / GTM operator LP path — I’m building Mimir Labs, a deterministic data-control layer for ERP, AI readiness, and regulated manufacturing operations. The immediate wedge is Ratatosk: a short diagnostic that produces a machine-readable governance manifest before migration, integration, or AI automation compounds semantic drift. Mimir needs GTM leverage to turn a technically differentiated enterprise infrastructure product into a repeatable diagnostic and software motion. Would it be relevant to send a 1-page memo and ask whether this fits your current investment thesis?"
Forum Ventures,forumvc.com,https://www.forumvc.com/,New York,NY,United States,Venture Capital / Accelerator,Lead,New,Investor Target,B2B AI pre-seed fund and accelerator,Pre-seed,B2B tech / AI startups,$100K accelerator funding per official accelerator page,National,Potential fit if Mimir is packaged as B2B AI prerequisite/infrastructure rather than ERP company.,80,Tier 2,Accelerator admissions / investment team,May push accelerator terms and expect broader SaaS packaging.,Mimir is a founder-led enterprise infrastructure company solving the truth substrate problem before AI agents enter operational systems.,Accelerator application or founder/operator intro.,Evaluate terms before applying; good if capital + mentors outweigh dilution.,https://www.forumvc.com/accelerator,Official accelerator page describes $100K pre-seed funding and B2B tech accelerator support.,"Accelerator admissions / investment team — I’m building Mimir Labs, a deterministic data-control layer for ERP, AI readiness, and regulated manufacturing operations. The immediate wedge is Ratatosk: a short diagnostic that produces a machine-readable governance manifest before migration, integration, or AI automation compounds semantic drift. Mimir is a founder-led enterprise infrastructure company solving the truth substrate problem before AI agents enter operational systems. Would it be relevant to send a 1-page memo and ask whether this fits your current investment thesis?"
Differential Ventures,differential.vc,https://www.differential.vc/,New York,NY,United States,Venture Capital,Lead,New,Investor Target,AI/data-focused pre-seed and seed VC,Pre-seed / seed,Data-focused founders,$250K-$3M per official site,National / NYC,"Strong fit for canonical data infrastructure, AI-readiness, and data-driven enterprise operations.",89,Tier 2,Partner focused on data infrastructure / AI-native,May expect Mimir to be more explicitly AI/data platform than ERP architecture.,Mimir’s core asset is deterministic semantic data infrastructure; Yggdrasil ERP is the proof of a governed runtime substrate.,Warm intro from data/AI founder; direct website contact.,Prioritize after Schematic/DataTribe; use data-infrastructure deck variant.,https://www.differential.vc/,"Official site says Differential is AI-native and partners early with data-focused founders, with initial check sizes $250K-$3M.","Partner focused on data infrastructure / AI-native — I’m building Mimir Labs, a deterministic data-control layer for ERP, AI readiness, and regulated manufacturing operations. The immediate wedge is Ratatosk: a short diagnostic that produces a machine-readable governance manifest before migration, integration, or AI automation compounds semantic drift. Mimir’s core asset is deterministic semantic data infrastructure; Yggdrasil ERP is the proof of a governed runtime substrate. Would it be relevant to send a 1-page memo and ask whether this fits your current investment thesis?"
Zetta Venture Partners,zettavp.com,https://www.zettavp.com/,San Francisco,CA,United States,Venture Capital,Lead,New,Investor Target,AI-native B2B VC,Pre-seed / seed,"AI-native B2B apps, infrastructure, developer tools",Up to $5M initially per official FAQ,North America / Europe,Strong if positioned as AI-native data infrastructure; less strong if pitched as ERP replacement first.,86,Tier 2,Partner focused on data infrastructure,They may not see deterministic ERP substrate as AI-native enough without AI workflow pull.,AI cannot safely operate over ambiguous ERP semantics; Mimir creates the governed substrate AI agents need.,Warm intro; direct pitch only with highly tailored AI infrastructure memo.,Add to second wave after stronger proof points.,https://www.zettavp.com/faq,Official FAQ says Zetta leads pre-seed and seed rounds in AI-native startups with B2B business models.,"Partner focused on data infrastructure — I’m building Mimir Labs, a deterministic data-control layer for ERP, AI readiness, and regulated manufacturing operations. The immediate wedge is Ratatosk: a short diagnostic that produces a machine-readable governance manifest before migration, integration, or AI automation compounds semantic drift. AI cannot safely operate over ambiguous ERP semantics; Mimir creates the governed substrate AI agents need. Would it be relevant to send a 1-page memo and ask whether this fits your current investment thesis?"
Glasswing Ventures,glasswing.vc,https://glasswing.vc/,Boston,MA,United States,Venture Capital,Lead,New,Investor Target,AI-native enterprise and cybersecurity VC,Pre-seed / seed / early-stage,AI-native and frontier tech in enterprise B2B/security,Not listed on official source,North America,Good if Mimir is framed as enterprise AI defense/governance infrastructure for operational systems.,84,Tier 2,AI/security investment team,May require clear cybersecurity or AI-native product category.,Mimir prevents AI-driven operational corruption by enforcing canonical semantics and deterministic state transitions.,Warm intro from AI/security network; direct content-led outreach.,"Use the AI agent risk / deterministic substrate essay as intellectual credibility, but convert it into a business memo.",https://glasswing.vc/,Official site says Glasswing invests in early-stage AI-native and frontier tech transforming enterprise B2B and cybersecurity markets.,"AI/security investment team — I’m building Mimir Labs, a deterministic data-control layer for ERP, AI readiness, and regulated manufacturing operations. The immediate wedge is Ratatosk: a short diagnostic that produces a machine-readable governance manifest before migration, integration, or AI automation compounds semantic drift. Mimir prevents AI-driven operational corruption by enforcing canonical semantics and deterministic state transitions. Would it be relevant to send a 1-page memo and ask whether this fits your current investment thesis?"
Heavybit,heavybit.com,https://www.heavybit.com/,San Francisco,CA,United States,Venture Capital,Lead,New,Investor Target,Enterprise infrastructure / developer tools investor,Pre-seed to Series A,"Enterprise infrastructure, developer-first, technical founders",Not listed on official source,National,Fit depends on whether Mimir/Jormungandr is packaged as infrastructure/developer platform rather than ERP application.,78,Tier 3,Partner focused on infrastructure,ERP app narrative may not fit developer-tool expectations.,Jormungandr/Mímisbrunnr can be positioned as semantic contract infrastructure for enterprise integration and agent runtime safety.,Warm intro through devtools/infrastructure founders; content-led direct outreach.,Hold until Jormungandr prototype or API-first story is stronger.,https://www.heavybit.com/faq,Official FAQ calls Heavybit an early-stage enterprise infrastructure investor for pre-seed to Series A startups.,"Partner focused on infrastructure — I’m building Mimir Labs, a deterministic data-control layer for ERP, AI readiness, and regulated manufacturing operations. The immediate wedge is Ratatosk: a short diagnostic that produces a machine-readable governance manifest before migration, integration, or AI automation compounds semantic drift. Jormungandr/Mímisbrunnr can be positioned as semantic contract infrastructure for enterprise integration and agent runtime safety. Would it be relevant to send a 1-page memo and ask whether this fits your current investment thesis?"
Boldstart Ventures,boldstart.vc,https://boldstart.vc/,New York,NY,United States,Venture Capital,Lead,New,Investor Target,Enterprise infrastructure / autonomous enterprise VC,Pre-seed / seed,Technical founders building AI-native infrastructure/security/apps,Not listed on official source,National / NYC,"Good if the pitch is 'agent-era trust infrastructure,' not generic ERP.",82,Tier 2,Partner focused on autonomous enterprise / AI infrastructure,May expect a sharper autonomous-enterprise product wedge and larger technical team.,Yggdrasil ERP proves the substrate; the investable surface is semantic trust/control infrastructure for agentic enterprise systems.,Warm intro; direct only with crisp infrastructure memo.,Second-wave target after Jormungandr scope is demonstrable.,https://boldstart.vc/companies/?company_theme=developer-first,"Source says Boldstart backs technical founders building autonomous enterprise, AI-native infrastructure, security, apps, and models.","Partner focused on autonomous enterprise / AI infrastructure — I’m building Mimir Labs, a deterministic data-control layer for ERP, AI readiness, and regulated manufacturing operations. The immediate wedge is Ratatosk: a short diagnostic that produces a machine-readable governance manifest before migration, integration, or AI automation compounds semantic drift. Yggdrasil ERP proves the substrate; the investable surface is semantic trust/control infrastructure for agentic enterprise systems. Would it be relevant to send a 1-page memo and ask whether this fits your current investment thesis?"
Unusual Ventures,unusual.vc,https://www.unusual.vc/,Menlo Park,CA,United States,Venture Capital,Lead,New,Investor Target,Technical enterprise seed VC,Seed / enterprise PMF,Technical enterprise founders,Not listed on official source,National,"Strong enterprise-founder coaching fit, but likely needs clearer PMF milestone and customer discovery motion.",78,Tier 3,Enterprise software partner / Academy,May require stronger product-market fit evidence and broader team.,Mimir’s founder-market insight comes from 15 years inside manufacturing/quality/supply-chain failure modes and direct build of governed ERP substrate.,Unusual Academy or founder intro.,Consider for enterprise founder coaching more than immediate check.,https://www.unusual.vc/,Official site positions Unusual as product-market-fit partner for technical enterprise founders.,"Enterprise software partner / Academy — I’m building Mimir Labs, a deterministic data-control layer for ERP, AI readiness, and regulated manufacturing operations. The immediate wedge is Ratatosk: a short diagnostic that produces a machine-readable governance manifest before migration, integration, or AI automation compounds semantic drift. Mimir’s founder-market insight comes from 15 years inside manufacturing/quality/supply-chain failure modes and direct build of governed ERP substrate. Would it be relevant to send a 1-page memo and ask whether this fits your current investment thesis?"
Eniac Ventures,eniac.vc,https://www.eniac.vc/,New York,NY,United States,Venture Capital,Lead,New,Investor Target,Seed VC,Seed,0-to-1 founders; broad seed,Not listed on official source,National / NYC,"Moderate; evidence of data/integration interest helps, but broad seed investors need a venture-scale narrative.",75,Tier 3,Enterprise/data partner,May ask why now and why this founder can win against incumbents.,The why-now is AI/compliance pressure exposing that downstream semantic layers cannot fix operational truth.,Warm intro from NYC founder/investor network.,Lower priority unless a warm intro appears.,https://www.eniac.vc/,Official site says Eniac leads seed rounds and partners with founders from 0 to 1.,"Enterprise/data partner — I’m building Mimir Labs, a deterministic data-control layer for ERP, AI readiness, and regulated manufacturing operations. The immediate wedge is Ratatosk: a short diagnostic that produces a machine-readable governance manifest before migration, integration, or AI automation compounds semantic drift. The why-now is AI/compliance pressure exposing that downstream semantic layers cannot fix operational truth. Would it be relevant to send a 1-page memo and ask whether this fits your current investment thesis?"
Bonfire Ventures,bonfirevc.com,https://www.bonfirevc.com/,Los Angeles,CA,United States,Venture Capital,Lead,New,Investor Target,B2B software seed VC,Seed,B2B software with recurring-revenue potential,Not listed on official source,National,Strong B2B software fit if Mimir has clear ARR/pilot path; likely not first check without proof.,77,Tier 3,B2B software partner,May require evidence that this can graduate from diagnostic/service wedge to software revenue.,Mimir’s diagnostic wedge generates proprietary canonical manifests and the enforcement roadmap for recurring SaaS.,Warm intro from B2B software founder; direct if traction exists.,Approach only after first paid pilots or credible signed design partners.,https://www.bonfirevc.com/,Official site says Bonfire leads seed rounds for B2B software startups and is 100% B2B.,"B2B software partner — I’m building Mimir Labs, a deterministic data-control layer for ERP, AI readiness, and regulated manufacturing operations. The immediate wedge is Ratatosk: a short diagnostic that produces a machine-readable governance manifest before migration, integration, or AI automation compounds semantic drift. Mimir’s diagnostic wedge generates proprietary canonical manifests and the enforcement roadmap for recurring SaaS. Would it be relevant to send a 1-page memo and ask whether this fits your current investment thesis?"
Harpoon Ventures,harpoon.vc,https://www.harpoon.vc/,San Diego,CA,United States,Venture Capital,Lead,New,Investor Target,Dual-use / defense / AI / cybersecurity VC,Pre-seed / seed / Series A,"National security, AI, cybersecurity, infrastructure",Not listed on official source,United States,"Potential fit if Mimir leans into CMMC, defense manufacturing, secure data exchange, and agent control.",76,Tier 3,Partner focused on AI/cybersecurity/infrastructure,May need defense procurement relevance or dual-use buyer pathway.,"Mimir protects defense-supplier operational data integrity before compliance reporting, AI automation, and integration touch it.",Warm intro from defense-tech/CMMC network.,Use only with CMMC/defense-supplier packet.,https://www.harpoon.vc/portfolio,"Official portfolio page says Harpoon backs AI, cybersecurity, infrastructure, deep tech, manufacturing/robotics, and software infrastructure.","Partner focused on AI/cybersecurity/infrastructure — I’m building Mimir Labs, a deterministic data-control layer for ERP, AI readiness, and regulated manufacturing operations. The immediate wedge is Ratatosk: a short diagnostic that produces a machine-readable governance manifest before migration, integration, or AI automation compounds semantic drift. Mimir protects defense-supplier operational data integrity before compliance reporting, AI automation, and integration touch it. Would it be relevant to send a 1-page memo and ask whether this fits your current investment thesis?"
Everywhere Ventures,everywhere.vc,https://www.everywhere.vc/,New York,NY,United States,Venture Capital,Lead,New,Investor Target,Global pre-seed fund / founder network,Pre-seed,Very early-stage founders,Not listed on official source,Global / national,Good for solo founder and early check possibility; less domain-specialized than ideal.,73,Tier 3,Investment team / founder community,May not have deep ERP/manufacturing category expertise.,Mimir is a non-obvious founder-led infrastructure company with a narrow diagnostic revenue wedge and a large enterprise substrate thesis.,Direct application/cold pitch; founder network intro.,Use as breadth target after top 15.,https://www.everywhere.vc/,"Official site describes Everywhere as a global pre-seed fund for founders, by founders.","Investment team / founder community — I’m building Mimir Labs, a deterministic data-control layer for ERP, AI readiness, and regulated manufacturing operations. The immediate wedge is Ratatosk: a short diagnostic that produces a machine-readable governance manifest before migration, integration, or AI automation compounds semantic drift. Mimir is a non-obvious founder-led infrastructure company with a narrow diagnostic revenue wedge and a large enterprise substrate thesis. Would it be relevant to send a 1-page memo and ask whether this fits your current investment thesis?"
Antler US,antler.co,https://www.antler.co/location/us,United States,,United States,Venture Capital / Founder Residency,Lead,New,Investor Target,Global early-stage VC / founder residency,Day-zero / pre-seed,Founders from day zero; residency model,Program-specific,National,Useful only if Mimir needs structured founder program/network; may not fit because product already exists and founder does not need ideation residency.,65,Tier 3,US residency / investment team,Residency/co-founder model may be misaligned with existing founder-led company.,Mimir already has built product; ask whether Antler can help with capital/customer intro without forcing company restart.,Program application or direct investor contact.,Low priority; consider only if cash need makes accelerator terms acceptable.,https://www.antler.co/location/us,Official site says Antler is a global early-stage VC investing in founders from day zero.,"US residency / investment team — I’m building Mimir Labs, a deterministic data-control layer for ERP, AI readiness, and regulated manufacturing operations. The immediate wedge is Ratatosk: a short diagnostic that produces a machine-readable governance manifest before migration, integration, or AI automation compounds semantic drift. Mimir already has built product; ask whether Antler can help with capital/customer intro without forcing company restart. Would it be relevant to send a 1-page memo and ask whether this fits your current investment thesis?"
Plug and Play Supply Chain & Logistics,plugandplaytechcenter.com,https://www.plugandplaytechcenter.com/industries/supply-chain/startups,Sunnyvale,CA,United States,Corporate Innovation / Venture Capital,Lead,New,Investor Target,Corporate accelerator / venture platform,Program / corporate partner pathway,Supply-chain/logistics startups; varies,Program/fund-specific,Global / national,Could be valuable for corporate manufacturing/supply-chain pilots more than direct angel funding.,74,Tier 3,Supply Chain & Logistics program team,May require clearer supply-chain/logistics product packaging.,Mimir can prevent broken ERP/integration semantics from corrupting supply-chain visibility and supplier/compliance workflows.,Program application; use corporate-partner angle.,Consider after Ratatosk pilot deck is built.,https://www.plugandplaytechcenter.com/venture-capital,Official page says Plug and Play has programs across Seed to Series C and 550+ partners.,"Supply Chain & Logistics program team — I’m building Mimir Labs, a deterministic data-control layer for ERP, AI readiness, and regulated manufacturing operations. The immediate wedge is Ratatosk: a short diagnostic that produces a machine-readable governance manifest before migration, integration, or AI automation compounds semantic drift. Mimir can prevent broken ERP/integration semantics from corrupting supply-chain visibility and supplier/compliance workflows. Would it be relevant to send a 1-page memo and ask whether this fits your current investment thesis?"
Techstars,techstars.com,https://www.techstars.com/,Boulder,CO,United States,Accelerator / Venture Capital,Lead,New,Investor Target,Pre-seed accelerator / global network,Accelerator / pre-seed,Early-stage startups,Program-specific,Global / national,"Good network, but terms and program fit need scrutiny. Industries of the Future framing could fit industrial AI/manufacturing.",68,Tier 3,Relevant accelerator managing director,Accelerator model may consume time and dilution; not specific enough to ERP/data infrastructure.,Mimir is industrial AI-enablement infrastructure: deterministic data clarity before autonomous business systems act.,Apply to relevant industrial/AI accelerator only if timing and terms work.,Low priority unless a targeted Techstars program is open.,https://www.techstars.com/,Official site says Techstars invests in early-stage startups through mentorship-driven accelerator programs.,"Relevant accelerator managing director — I’m building Mimir Labs, a deterministic data-control layer for ERP, AI readiness, and regulated manufacturing operations. The immediate wedge is Ratatosk: a short diagnostic that produces a machine-readable governance manifest before migration, integration, or AI automation compounds semantic drift. Mimir is industrial AI-enablement infrastructure: deterministic data clarity before autonomous business systems act. Would it be relevant to send a 1-page memo and ask whether this fits your current investment thesis?"
NEA,nea.com,https://www.nea.com/,Timonium,MD,United States,Venture Capital,Lead,New,Investor Target,Large multi-stage VC,Seed through IPO,High-ambition technology and healthcare companies,Stage-dependent,"Strong Mid-Atlantic office, but national/global",Not a first-touch target unless a specific partner is thesis-aligned or BFTP produces a warm intro.,62,Tier 3,Seed/enterprise technology partner,"Likely too early without traction, team depth, and venture-scale pull.",Only pitch via warm intro after pilots show a large canonical data-control category emerging.,Warm intro only.,Keep as long-term target.,https://www.nea.com/,Official site says NEA partners with founders at every stage from idea to IPO.,"Seed/enterprise technology partner — I’m building Mimir Labs, a deterministic data-control layer for ERP, AI readiness, and regulated manufacturing operations. The immediate wedge is Ratatosk: a short diagnostic that produces a machine-readable governance manifest before migration, integration, or AI automation compounds semantic drift. Only pitch via warm intro after pilots show a large canonical data-control category emerging. Would it be relevant to send a 1-page memo and ask whether this fits your current investment thesis?"
Blue Bear Capital,bluebearcap.com,https://bluebearcap.com/,San Francisco,CA,United States,Venture Capital / Growth Equity,Lead,New,Investor Target,AI-powered energy/infrastructure/climate investor,Venture / early growth,"Energy, infrastructure, and climate operations",Not listed on official source,National,Peripheral unless Mimir targets infrastructure/energy manufacturing or industrial AI data integrity.,61,Tier 3,Industrial AI / infrastructure investor,Too far from energy/infrastructure/climate focus unless verticalized.,Mimir can provide data integrity and semantic governance for industrial infrastructure operations.,Only through relevant vertical intro.,Park unless vertical market shifts toward energy/infrastructure.,https://bluebearcap.com/,"Official site says Blue Bear focuses on AI-powered solutions for energy, infrastructure, and climate challenges.","Industrial AI / infrastructure investor — I’m building Mimir Labs, a deterministic data-control layer for ERP, AI readiness, and regulated manufacturing operations. The immediate wedge is Ratatosk: a short diagnostic that produces a machine-readable governance manifest before migration, integration, or AI automation compounds semantic drift. Mimir can provide data integrity and semantic governance for industrial infrastructure operations. Would it be relevant to send a 1-page memo and ask whether this fits your current investment thesis?"
